{"name": "FFNN_mish", "do_aug": false, "use_preload": false, "do_line_detection": false, "advanced_preprocessing": false, "normalization": "standard", "actifuns": ["mish", "mish", "mish", "mish", "mish", "mish"], "layer_sizes": [1024, 512, 256, 64, 64, 64], "samples_per_class": 200, "convos": null, "test_loss": 1.6029255390167236, "test_acc": 0.5299999713897705, "train_acc": [0.11484374850988388, 0.12187500298023224, 0.14687499403953552, 0.15468749403953552, 0.21718749403953552, 0.2828125059604645, 0.2828125059604645, 0.3257812559604645, 0.35468751192092896, 0.3773437440395355], "train_val_acc": [0.10625000298023224, 0.15312500298023224, 0.16249999403953552, 0.24062499403953552, 0.30000001192092896, 0.2906250059604645, 0.359375, 0.43437498807907104, 0.34375, 0.5375000238418579]}