{"name": "FFNN_mish_line_detec", "do_aug": false, "use_preload": false, "do_line_detection": true, "advanced_preprocessing": true, "normalization": "standard", "actifuns": ["mish", "mish", "mish", "mish", "mish", "mish"], "layer_sizes": [1024, 512, 256, 64, 64, 64], "samples_per_class": 200, "convos": null, "test_loss": 2.1748502254486084, "test_acc": 0.2175000011920929, "train_acc": [0.10859374701976776, 0.10625000298023224, 0.12031249701976776, 0.12109375, 0.12890625, 0.13671875, 0.13593749701976776, 0.15468749403953552, 0.17343750596046448, 0.19062499701976776], "train_val_acc": [0.09687499701976776, 0.11249999701976776, 0.14374999701976776, 0.11562500149011612, 0.11562500149011612, 0.20000000298023224, 0.109375, 0.16249999403953552, 0.22499999403953552, 0.21250000596046448]}