{"name": "FFNN_relu_line_detec", "do_aug": false, "use_preload": false, "do_line_detection": true, "advanced_preprocessing": true, "normalization": "standard", "actifuns": ["relu", "relu", "relu", "relu", "relu", "relu"], "layer_sizes": [1024, 512, 256, 64, 64, 64], "samples_per_class": 200, "convos": null, "test_loss": 2.303144693374634, "test_acc": 0.10249999910593033, "train_acc": [0.09609375149011612, 0.1015625, 0.09921874850988388, 0.09296874701976776, 0.09062500298023224, 0.10390625149011612, 0.10781250149011612, 0.10234375298023224, 0.09843750298023224, 0.10468749701976776], "train_val_acc": [0.09687499701976776, 0.14687499403953552, 0.125, 0.08124999701976776, 0.05937499925494194, 0.10312499850988388, 0.140625, 0.06875000149011612, 0.06562499701976776, 0.0625]}