{"name": "FFNN_relu", "do_aug": false, "use_preload": false, "do_line_detection": false, "advanced_preprocessing": false, "normalization": "standard", "actifuns": ["relu", "relu", "relu", "relu", "relu", "relu"], "layer_sizes": [1024, 512, 256, 64, 64, 64], "samples_per_class": 200, "convos": null, "test_loss": 2.301602602005005, "test_acc": 0.11500000208616257, "train_acc": [0.09140624850988388, 0.08828125149011612, 0.10234375298023224, 0.11015625298023224, 0.10078124701976776], "train_val_acc": [0.10312499850988388, 0.10000000149011612, 0.109375, 0.11874999850988388, 0.09062500298023224]}