{"name": "FFNN_no_line_detection_no_aug_all_data", "do_aug": false, "use_preload": false, "do_line_detection": true, "advanced_preprocessing": true, "normalization": "standard", "actifuns": ["relu", "relu", "mish", "relu", "tanh", "relu"], "layer_sizes": [1024, 128, 64], "samples_per_class": 1900, "convos": null, "test_loss": 0.5160290598869324, "test_acc": 0.9313157796859741, "train_acc": [0.13075657188892365, 0.19835525751113892, 0.2794407904148102, 0.3350328803062439, 0.40246710181236267, 0.4676809310913086, 0.5009868144989014, 0.5495887994766235, 0.5646381378173828, 0.6089637875556946], "train_val_acc": [0.1875, 0.3575657904148102, 0.4825657904148102, 0.5855262875556946, 0.7575657963752747, 0.7368420958518982, 0.8138157725334167, 0.8792763352394104, 0.8832237124443054, 0.9315789341926575]}