{"name": "FFNN_no_line_detection_with_aug_all_data", "do_aug": false, "use_preload": false, "do_line_detection": true, "advanced_preprocessing": true, "normalization": "standard", "actifuns": ["mish", "relu", "mish", "relu", "mish", "relu"], "layer_sizes": [1024, 512, 256, 64, 64, 64], "samples_per_class": 1900, "convos": null, "test_loss": 0.8033504486083984, "test_acc": 0.6626315712928772, "train_acc": [0.1049342080950737, 0.10863486677408218, 0.10978618264198303, 0.130674347281456, 0.2020559161901474, 0.2506578862667084, 0.3371710479259491, 0.41644737124443054, 0.5302631855010986, 0.5242598652839661], "train_val_acc": [0.10164473950862885, 0.11085526645183563, 0.14638157188892365, 0.21776315569877625, 0.28651314973831177, 0.3575657904148102, 0.44506579637527466, 0.57039475440979, 0.4868420958518982, 0.6625000238418579]}