{"name": "FFNN_no_line_detection_no_aug_2_layers_all_data", "do_aug": false, "use_preload": false, "do_line_detection": false, "advanced_preprocessing": false, "normalization": "standard", "actifuns": ["relu", "relu", "mish", "relu", "tanh", "relu"], "layer_sizes": [1024, 64], "samples_per_class": 1900, "convos": null, "test_loss": 0.07734671980142593, "test_acc": 0.9860526323318481, "train_acc": [0.19268092513084412, 0.4660361707210541, 0.6409539580345154, 0.7537828683853149, 0.8237664699554443, 0.8685032725334167, 0.9025493264198303, 0.9202302694320679, 0.9350329041481018, 0.9410361647605896], "train_val_acc": [0.4223684072494507, 0.7118421196937561, 0.8740131855010986, 0.9486842155456543, 0.9684210419654846, 0.981249988079071, 0.9828947186470032, 0.9842105507850647, 0.9878289699554443, 0.9868420958518982]}