{"name": "FFNN_no_line_detection_no_aug_4_layers_all_data", "do_aug": false, "use_preload": false, "do_line_detection": false, "advanced_preprocessing": false, "normalization": "standard", "actifuns": ["relu", "relu", "tanh", "relu", "tanh", "relu"], "layer_sizes": [1024, 256, 128, 64], "samples_per_class": 1900, "convos": null, "test_loss": 0.07915671914815903, "test_acc": 0.9747368693351746, "train_acc": [0.10847039520740509, 0.10690789669752121, 0.11694078892469406, 0.15805920958518982, 0.2643914520740509, 0.3722861707210541, 0.563240110874176, 0.7277138233184814, 0.8525493144989014, 0.9381579160690308], "train_val_acc": [0.09671052545309067, 0.09671052545309067, 0.12828947603702545, 0.254276305437088, 0.3483552634716034, 0.5651316046714783, 0.7569078803062439, 0.8838815689086914, 0.9572368264198303, 0.9763157963752747]}