{"name": "2x_FFNN_mish", "do_aug": false, "use_preload": false, "do_line_detection": false, "advanced_preprocessing": false, "normalization": "standard", "actifuns": ["mish", "mish", "mish", "mish", "mish", "mish"], "layer_sizes": [1024, 512, 256, 64, 64, 64], "samples_per_class": 400, "convos": null, "test_loss": 0.7549166083335876, "test_acc": 0.7875000238418579, "train_acc": [0.12109375, 0.14296874403953552, 0.19179686903953552, 0.2972656190395355, 0.29804688692092896, 0.40937501192092896, 0.4769531190395355, 0.565234363079071, 0.651562511920929, 0.658984363079071], "train_val_acc": [0.16562500596046448, 0.35624998807907104, 0.3890624940395355, 0.24687500298023224, 0.4515624940395355, 0.6546875238418579, 0.6187499761581421, 0.7124999761581421, 0.7328125238418579, 0.796875]}