{"name": "2x_FFNN_relu", "do_aug": false, "use_preload": false, "do_line_detection": false, "advanced_preprocessing": false, "normalization": "standard", "actifuns": ["relu", "relu", "relu", "relu", "relu", "relu"], "layer_sizes": [1024, 512, 256, 64, 64, 64], "samples_per_class": 400, "convos": null, "test_loss": 2.301475763320923, "test_acc": 0.09125000238418579, "train_acc": [0.11015625298023224, 0.11562500149011612, 0.10234375298023224, 0.11054687201976776, 0.09843750298023224, 0.10625000298023224, 0.09882812201976776, 0.10507812350988388, 0.11015625298023224, 0.10000000149011612], "train_val_acc": [0.125, 0.08906249701976776, 0.125, 0.09843750298023224, 0.078125, 0.13124999403953552, 0.12812499701976776, 0.09687499701976776, 0.13437500596046448, 0.10468749701976776]}