{"name": "2x_FFNN_mish_line_detec", "do_aug": false, "use_preload": false, "do_line_detection": true, "advanced_preprocessing": true, "normalization": "standard", "actifuns": ["mish", "mish", "mish", "mish", "mish", "mish"], "layer_sizes": [1024, 512, 256, 64, 64, 64], "samples_per_class": 400, "convos": null, "test_loss": 1.8002732992172241, "test_acc": 0.4124999940395355, "train_acc": [0.10898437350988388, 0.10390625149011612, 0.11757812649011612, 0.13359375298023224, 0.14960937201976776, 0.16328124701976776, 0.193359375, 0.23046875, 0.24687500298023224, 0.27617186307907104], "train_val_acc": [0.14218750596046448, 0.15781250596046448, 0.19843749701976776, 0.16562500596046448, 0.171875, 0.18906250596046448, 0.22968749701976776, 0.24375000596046448, 0.31562501192092896, 0.39531248807907104]}