{"name": "2x_FFNN_relu_line_detec", "do_aug": false, "use_preload": false, "do_line_detection": true, "advanced_preprocessing": true, "normalization": "standard", "actifuns": ["relu", "relu", "relu", "relu", "relu", "relu"], "layer_sizes": [1024, 512, 256, 64, 64, 64], "samples_per_class": 400, "convos": null, "test_loss": 2.3023247718811035, "test_acc": 0.11625000089406967, "train_acc": [0.10546875, 0.107421875, 0.10664062201976776, 0.10585937649011612, 0.10625000298023224, 0.10703124850988388, 0.10039062798023224, 0.09492187201976776, 0.10468749701976776, 0.09882812201976776], "train_val_acc": [0.109375, 0.1171875, 0.11249999701976776, 0.09687499701976776, 0.10625000298023224, 0.11874999850988388, 0.1171875, 0.09375, 0.09375, 0.09375]}