{"name": "FFNN_no_line_detection_no_aug_all_data", "do_aug": false, "use_preload": false, "do_line_detection": false, "advanced_preprocessing": false, "normalization": "standard", "actifuns": ["relu", "relu", "mish", "relu", "tanh", "relu"], "layer_sizes": [1024, 128, 64], "samples_per_class": 1900, "convos": null, "test_loss": 0.029321111738681793, "test_acc": 0.9907894730567932, "train_acc": [0.23980262875556946, 0.5978618264198303, 0.8109375238418579, 0.9210526347160339, 0.9514802694320679, 0.9745888113975525, 0.9824013113975525, 0.9894737005233765, 0.9902960658073425, 0.9926809072494507], "train_val_acc": [0.6223683953285217, 0.8674342036247253, 0.9680920839309692, 0.9822368621826172, 0.9822368621826172, 0.9894737005233765, 0.9934210777282715, 0.9907894730567932, 0.9930921196937561, 0.9940789341926575]}